 01, 1963111400, 100S, 1700E
 01, 1963111406, 100S, 1709E
 01, 1963111412, 103S, 1716E
 01, 1963111418, 109S, 1721E
 01, 1963111500, 115S, 1720E
 01, 1963111506, 116S, 1715E
 01, 1963111512, 118S, 1710E
 01, 1963111518, 121S, 1705E
 01, 1963111600, 125S, 1700E
 01, 1963111606, 129S, 1701E
 01, 1963111612, 133S, 1704E
 01, 1963111618, 136S, 1704E
 01, 1963111700, 140S, 1703E
 01, 1963111706, 147S, 1702E
 01, 1963111712, 154S, 1700E
 01, 1963111718, 159S, 1694E
 01, 1963111800, 163S, 1690E
 01, 1963111806, 167S, 1691E
 01, 1963111812, 171S, 1693E
 01, 1963111818, 175S, 1694E
 01, 1963111900, 178S, 1697E
 01, 1963111906, 180S, 1701E
 01, 1963111912, 181S, 1706E
 01, 1963111918, 183S, 1710E
 01, 1963112000, 186S, 1715E
 01, 1963112006, 189S, 1725E
 01, 1963112012, 193S, 1738E
 01, 1963112018, 199S, 1749E
 01, 1963112100, 205S, 1760E
 01, 1963112106, 209S, 1769E
 01, 1963112112, 213S, 1775E
 01, 1963112118, 219S, 1779E
 01, 1963112200, 225S, 1782E
 01, 1963112206, 230S, 1784E
 01, 1963112212, 234S, 1787E
 01, 1963112218, 236S, 1792E
 01, 1963112300, 237S, 1798E
 02, 1963120518,  53S,  734E
 02, 1963120600,  57S,  727E
 02, 1963120606,  62S,  720E
 02, 1963120612,  67S,  712E
 02, 1963120618,  72S,  704E
 02, 1963120700,  77S,  697E
 02, 1963120706,  83S,  689E
 02, 1963120712,  94S,  678E
 02, 1963120718, 106S,  666E
 02, 1963120800, 119S,  654E
 02, 1963120806, 128S,  644E
 02, 1963120812, 132S,  638E
 02, 1963120818, 136S,  635E
 02, 1963120900, 140S,  631E
 02, 1963120906, 144S,  628E
 02, 1963120912, 147S,  625E
 02, 1963120918, 150S,  622E
 02, 1963121000, 153S,  620E
 02, 1963121006, 156S,  620E
 02, 1963121012, 163S,  622E
 02, 1963121018, 172S,  625E
 02, 1963121100, 178S,  628E
 02, 1963121106, 184S,  632E
 02, 1963121112, 192S,  635E
 02, 1963121118, 200S,  639E
 02, 1963121200, 208S,  642E
 02, 1963121206, 216S,  646E
 02, 1963121212, 227S,  652E
 02, 1963121218, 240S,  659E
 02, 1963121300, 249S,  665E
 02, 1963121306, 258S,  672E
 02, 1963121312, 271S,  682E
 02, 1963121318, 285S,  694E
 02, 1963121400, 297S,  707E
 02, 1963121406, 309S,  720E
 03, 1963121700, 114S, 1715E
 03, 1963121706, 116S, 1721E
 03, 1963121712, 118S, 1726E
 03, 1963121718, 119S, 1731E
 03, 1963121800, 121S, 1733E
 03, 1963121806, 125S, 1731E
 03, 1963121812, 129S, 1729E
 03, 1963121818, 130S, 1727E
 03, 1963121900, 134S, 1725E
 03, 1963121906, 148S, 1728E
 03, 1963121912, 164S, 1733E
 03, 1963121918, 178S, 1735E
 03, 1963122000, 192S, 1739E
 03, 1963122006, 208S, 1750E
 03, 1963122012, 225S, 1765E
 03, 1963122018, 241S, 1778E
 03, 1963122100, 254S, 1796E
 03, 1963122106, 260S, 1778W
 03, 1963122112, 262S, 1750W
 03, 1963122118, 263S, 1722W
 03, 1963122200, 263S, 1694W
 04, 1963122306,  82S,  565E
 04, 1963122312,  97S,  572E
 04, 1963122318, 110S,  577E
 04, 1963122400, 121S,  580E
 04, 1963122406, 133S,  583E
 04, 1963122412, 146S,  588E
 04, 1963122418, 160S,  594E
 04, 1963122500, 175S,  604E
 04, 1963122506, 190S,  613E
 04, 1963122512, 199S,  617E
 04, 1963122518, 205S,  620E
 04, 1963122600, 210S,  621E
 04, 1963122606, 215S,  625E
 04, 1963122612, 224S,  635E
 04, 1963122618, 233S,  647E
 04, 1963122700, 239S,  658E
 04, 1963122706, 246S,  670E
 04, 1963122712, 259S,  683E
 04, 1963122718, 272S,  697E
 04, 1963122800, 285S,  709E
 04, 1963122806, 299S,  720E
 05, 1964010400, 138S, 1253E
 05, 1964010406, 139S, 1252E
 05, 1964010412, 139S, 1251E
 05, 1964010418, 140S, 1251E
 05, 1964010500, 140S, 1250E
 05, 1964010506, 143S, 1248E
 05, 1964010512, 146S, 1246E
 05, 1964010518, 149S, 1244E
 05, 1964010600, 151S, 1242E
 05, 1964010606, 154S, 1238E
 05, 1964010612, 157S, 1233E
 05, 1964010618, 160S, 1227E
 05, 1964010700, 163S, 1222E
 05, 1964010706, 166S, 1219E
 05, 1964010712, 168S, 1217E
 05, 1964010718, 172S, 1213E
 05, 1964010800, 174S, 1212E
 05, 1964010806, 176S, 1211E
 05, 1964010812, 178S, 1211E
 05, 1964010818, 180S, 1210E
 05, 1964010900, 181S, 1210E
 05, 1964010906, 186S, 1210E
 05, 1964010912, 189S, 1213E
 05, 1964010918, 192S, 1216E
 05, 1964011000, 193S, 1220E
 05, 1964011006, 193S, 1223E
 05, 1964011012, 194S, 1227E
 05, 1964011018, 197S, 1229E
 05, 1964011100, 199S, 1231E
 05, 1964011106, 202S, 1235E
 05, 1964011112, 204S, 1237E
 05, 1964011118, 207S, 1240E
 06, 1964010400, 148S, 1573W
 06, 1964010406, 150S, 1586W
 06, 1964010412, 155S, 1597W
 06, 1964010418, 162S, 1605W
 06, 1964010500, 170S, 1613W
 06, 1964010506, 176S, 1620W
 06, 1964010512, 182S, 1627W
 06, 1964010518, 190S, 1632W
 06, 1964010600, 199S, 1637W
 06, 1964010606, 206S, 1642W
 06, 1964010612, 213S, 1648W
 06, 1964010618, 220S, 1655W
 06, 1964010700, 225S, 1662W
 06, 1964010706, 229S, 1667W
 06, 1964010712, 232S, 1671W
 06, 1964010718, 236S, 1676W
 06, 1964010800, 240S, 1681W
 07, 1964010600, 131S, 1369E
 07, 1964010606, 126S, 1378E
 07, 1964010612, 120S, 1388E
 07, 1964010618, 114S, 1402E
 07, 1964010700, 108S, 1417E
 07, 1964010706, 113S, 1423E
 07, 1964010712, 122S, 1422E
 07, 1964010718, 128S, 1412E
 07, 1964010800, 131S, 1403E
 07, 1964010806, 127S, 1402E
 07, 1964010812, 122S, 1404E
 07, 1964010818, 118S, 1411E
 07, 1964010900, 117S, 1418E
 07, 1964010906, 123S, 1420E
 07, 1964010912, 132S, 1419E
 07, 1964010918, 136S, 1414E
 07, 1964011000, 141S, 1408E
 07, 1964011006, 151S, 1401E
 07, 1964011012, 162S, 1393E
 07, 1964011018, 170S, 1386E
 07, 1964011100, 177S, 1378E
 07, 1964011106, 184S, 1373E
 07, 1964011112, 190S, 1372E
 07, 1964011118, 196S, 1372E
 07, 1964011200, 201S, 1373E
 07, 1964011206, 207S, 1376E
 07, 1964011212, 214S, 1379E
 07, 1964011218, 218S, 1383E
 07, 1964011300, 223S, 1387E
 07, 1964011306, 234S, 1398E
 07, 1964011312, 250S, 1420E
 07, 1964011318, 266S, 1452E
 07, 1964011400, 285S, 1490E
 07, 1964011406, 308S, 1534E
 07, 1964011412, 331S, 1577E
 07, 1964011418, 354S, 1616E
 07, 1964011500, 376S, 1649E
 07, 1964011506, 397S, 1676E
 07, 1964011512, 415S, 1703E
 07, 1964011518, 429S, 1731E
 07, 1964011600, 439S, 1760E
 08, 1964011018, 191S,  396E
 08, 1964011100, 191S,  398E
 08, 1964011106, 192S,  405E
 08, 1964011112, 194S,  417E
 08, 1964011118, 198S,  430E
 08, 1964011200, 205S,  435E
 08, 1964011206, 213S,  441E
 08, 1964011212, 216S,  454E
 08, 1964011218, 220S,  466E
 08, 1964011300, 227S,  474E
 08, 1964011306, 235S,  483E
 08, 1964011312, 242S,  493E
 08, 1964011318, 250S,  503E
 08, 1964011400, 257S,  509E
 08, 1964011406, 263S,  515E
 08, 1964011412, 271S,  522E
 08, 1964011418, 280S,  530E
 08, 1964011500, 287S,  537E
 08, 1964011506, 294S,  550E
 08, 1964011512, 300S,  570E
 08, 1964011518, 306S,  590E
 08, 1964011600, 309S,  610E
 08, 1964011606, 310S,  630E
 09, 1964011506, 132S,  643E
 09, 1964011512, 133S,  637E
 09, 1964011518, 134S,  630E
 09, 1964011600, 136S,  623E
 09, 1964011606, 138S,  616E
 09, 1964011612, 140S,  608E
 09, 1964011618, 143S,  600E
 09, 1964011700, 147S,  592E
 09, 1964011706, 152S,  584E
 09, 1964011712, 157S,  578E
 09, 1964011718, 163S,  573E
 09, 1964011800, 170S,  569E
 09, 1964011806, 176S,  566E
 09, 1964011812, 178S,  565E
 09, 1964011818, 180S,  564E
 09, 1964011900, 181S,  564E
 09, 1964011906, 183S,  564E
 09, 1964011912, 190S,  565E
 09, 1964011918, 200S,  567E
 09, 1964012000, 204S,  569E
 09, 1964012006, 211S,  571E
 09, 1964012012, 225S,  574E
 09, 1964012018, 240S,  577E
 09, 1964012100, 255S,  579E
 09, 1964012106, 270S,  580E
 09, 1964012112, 289S,  585E
 09, 1964012118, 310S,  593E
 09, 1964012200, 328S,  605E
 09, 1964012206, 346S,  620E
 10, 1964012000, 133S, 1678W
 10, 1964012006, 140S, 1687W
 10, 1964012012, 147S, 1695W
 10, 1964012018, 153S, 1704W
 10, 1964012100, 160S, 1711W
 10, 1964012106, 167S, 1714W
 10, 1964012112, 175S, 1716W
 10, 1964012118, 182S, 1718W
 10, 1964012200, 188S, 1720W
 10, 1964012206, 194S, 1721W
 10, 1964012212, 200S, 1721W
 10, 1964012218, 205S, 1721W
 10, 1964012300, 209S, 1721W
 10, 1964012306, 213S, 1721W
 10, 1964012312, 216S, 1722W
 10, 1964012318, 219S, 1726W
 10, 1964012400, 221S, 1730W
 10, 1964012406, 222S, 1734W
 10, 1964012412, 223S, 1737W
 10, 1964012418, 227S, 1734W
 10, 1964012500, 229S, 1734W
 10, 1964012506, 227S, 1745W
 10, 1964012512, 224S, 1756W
 10, 1964012518, 220S, 1768W
 10, 1964012600, 217S, 1776W
 10, 1964012606, 214S, 1770W
 10, 1964012612, 211S, 1759W
 10, 1964012618, 211S, 1749W
 10, 1964012700, 212S, 1740W
 10, 1964012706, 214S, 1731W
 10, 1964012712, 216S, 1722W
 10, 1964012718, 220S, 1714W
 10, 1964012800, 226S, 1706W
 11, 1964012400, 163S, 1712W
 11, 1964012406, 171S, 1714W
 11, 1964012412, 178S, 1715W
 11, 1964012418, 182S, 1716W
 11, 1964012500, 187S, 1715W
 11, 1964012506, 203S, 1705W
 11, 1964012512, 222S, 1686W
 11, 1964012518, 233S, 1666W
 11, 1964012600, 241S, 1644W
 12, 1964012700, 141S, 1514E
 12, 1964012706, 142S, 1519E
 12, 1964012712, 143S, 1524E
 12, 1964012718, 144S, 1528E
 12, 1964012800, 144S, 1533E
 12, 1964012806, 146S, 1544E
 12, 1964012812, 149S, 1554E
 12, 1964012818, 153S, 1562E
 12, 1964012900, 157S, 1569E
 12, 1964012906, 160S, 1579E
 12, 1964012912, 164S, 1587E
 12, 1964012918, 168S, 1595E
 12, 1964013000, 173S, 1601E
 12, 1964013006, 177S, 1605E
 12, 1964013012, 181S, 1608E
 12, 1964013018, 187S, 1610E
 12, 1964013100, 192S, 1613E
 12, 1964013106, 196S, 1617E
 12, 1964013112, 200S, 1620E
 12, 1964013118, 203S, 1622E
 12, 1964020100, 208S, 1622E
 12, 1964020106, 219S, 1622E
 12, 1964020112, 230S, 1622E
 12, 1964020118, 240S, 1622E
 13, 1964012800,  92S, 1313E
 13, 1964012806,  94S, 1318E
 13, 1964012812,  95S, 1324E
 13, 1964012818,  98S, 1329E
 13, 1964012900, 100S, 1334E
 13, 1964012906, 102S, 1342E
 13, 1964012912, 103S, 1349E
 13, 1964012918, 105S, 1354E
 13, 1964013000, 107S, 1359E
 13, 1964013006, 109S, 1364E
 13, 1964013012, 111S, 1369E
 13, 1964013018, 114S, 1372E
 13, 1964013100, 117S, 1376E
 13, 1964013106, 120S, 1379E
 13, 1964013112, 124S, 1383E
 13, 1964013118, 128S, 1385E
 13, 1964020100, 131S, 1387E
 13, 1964020106, 133S, 1390E
 13, 1964020112, 134S, 1393E
 13, 1964020118, 136S, 1396E
 13, 1964020200, 137S, 1400E
 13, 1964020206, 139S, 1403E
 13, 1964020212, 141S, 1407E
 13, 1964020218, 144S, 1410E
 13, 1964020300, 148S, 1414E
 13, 1964020306, 152S, 1416E
 13, 1964020312, 156S, 1418E
 13, 1964020318, 160S, 1419E
 13, 1964020400, 164S, 1419E
 13, 1964020406, 168S, 1418E
 13, 1964020412, 172S, 1418E
 13, 1964020418, 175S, 1418E
 13, 1964020500, 179S, 1418E
 13, 1964020506, 183S, 1418E
 13, 1964020512, 188S, 1418E
 13, 1964020518, 192S, 1416E
 13, 1964020600, 194S, 1412E
 13, 1964020606, 194S, 1408E
 13, 1964020612, 192S, 1403E
 13, 1964020618, 189S, 1400E
 13, 1964020700, 187S, 1396E
 13, 1964020706, 185S, 1394E
 13, 1964020712, 184S, 1393E
 13, 1964020718, 182S, 1393E
 13, 1964020800, 181S, 1396E
 13, 1964020806, 180S, 1401E
 13, 1964020812, 180S, 1406E
 13, 1964020818, 179S, 1410E
 13, 1964020900, 178S, 1415E
 13, 1964020906, 177S, 1421E
 13, 1964020912, 178S, 1433E
 13, 1964020918, 182S, 1458E
 13, 1964021000, 186S, 1482E
 13, 1964021006, 190S, 1500E
 13, 1964021012, 195S, 1517E
 13, 1964021018, 197S, 1532E
 13, 1964021100, 198S, 1543E
 13, 1964021106, 199S, 1552E
 13, 1964021112, 199S, 1559E
 13, 1964021118, 200S, 1567E
 14, 1964012906, 130S,  656E
 14, 1964012912, 135S,  648E
 14, 1964012918, 138S,  640E
 14, 1964013000, 140S,  633E
 14, 1964013006, 141S,  625E
 14, 1964013012, 142S,  616E
 14, 1964013018, 142S,  607E
 14, 1964013100, 141S,  597E
 14, 1964013106, 140S,  590E
 14, 1964013112, 139S,  586E
 14, 1964013118, 137S,  582E
 14, 1964020100, 136S,  578E
 14, 1964020106, 134S,  574E
 14, 1964020112, 133S,  572E
 14, 1964020118, 132S,  571E
 14, 1964020200, 131S,  569E
 14, 1964020206, 131S,  567E
 14, 1964020212, 130S,  565E
 14, 1964020218, 129S,  562E
 14, 1964020300, 127S,  559E
 14, 1964020306, 124S,  556E
 14, 1964020312, 122S,  554E
 14, 1964020318, 120S,  551E
 14, 1964020400, 119S,  549E
 14, 1964020406, 121S,  546E
 14, 1964020412, 124S,  545E
 14, 1964020418, 128S,  545E
 14, 1964020500, 130S,  545E
 14, 1964020506, 133S,  545E
 14, 1964020512, 138S,  545E
 14, 1964020518, 144S,  545E
 14, 1964020600, 149S,  543E
 14, 1964020606, 155S,  540E
 14, 1964020612, 161S,  537E
 14, 1964020618, 168S,  534E
 14, 1964020700, 175S,  531E
 14, 1964020706, 182S,  527E
 14, 1964020712, 189S,  524E
 14, 1964020718, 195S,  520E
 14, 1964020800, 200S,  516E
 14, 1964020806, 206S,  511E
 14, 1964020812, 214S,  506E
 14, 1964020818, 222S,  500E
 14, 1964020900, 230S,  494E
 14, 1964020906, 239S,  491E
 14, 1964020912, 253S,  498E
 14, 1964020918, 268S,  510E
 14, 1964021000, 281S,  521E
 14, 1964021006, 293S,  532E
 15, 1964021212, 130S, 1721E
 15, 1964021218, 141S, 1728E
 15, 1964021300, 149S, 1732E
 15, 1964021306, 153S, 1732E
 15, 1964021312, 157S, 1732E
 15, 1964021318, 160S, 1731E
 15, 1964021400, 163S, 1730E
 15, 1964021406, 168S, 1730E
 15, 1964021412, 172S, 1730E
 15, 1964021418, 174S, 1729E
 15, 1964021500, 176S, 1728E
 15, 1964021506, 178S, 1722E
 15, 1964021512, 180S, 1717E
 15, 1964021518, 175S, 1717E
 15, 1964021600, 170S, 1719E
 15, 1964021606, 176S, 1721E
 15, 1964021612, 182S, 1724E
 15, 1964021618, 188S, 1729E
 15, 1964021700, 190S, 1735E
 15, 1964021706, 187S, 1742E
 15, 1964021712, 183S, 1750E
 15, 1964021718, 177S, 1758E
 15, 1964021800, 177S, 1766E
 15, 1964021806, 184S, 1763E
 15, 1964021812, 192S, 1755E
 15, 1964021818, 199S, 1752E
 15, 1964021900, 207S, 1750E
 16, 1964021800, 124S, 1741E
 16, 1964021806, 126S, 1735E
 16, 1964021812, 129S, 1730E
 16, 1964021818, 135S, 1725E
 16, 1964021900, 139S, 1720E
 16, 1964021906, 140S, 1715E
 16, 1964021912, 140S, 1710E
 16, 1964021918, 141S, 1704E
 16, 1964022000, 142S, 1696E
 16, 1964022006, 148S, 1688E
 16, 1964022012, 156S, 1680E
 16, 1964022018, 160S, 1672E
 16, 1964022100, 165S, 1665E
 16, 1964022106, 172S, 1658E
 16, 1964022112, 180S, 1652E
 16, 1964022118, 183S, 1653E
 16, 1964022200, 185S, 1658E
 16, 1964022206, 194S, 1663E
 16, 1964022212, 203S, 1670E
 16, 1964022218, 205S, 1678E
 16, 1964022300, 207S, 1692E
 16, 1964022306, 213S, 1712E
 16, 1964022312, 220S, 1733E
 16, 1964022318, 227S, 1753E
 16, 1964022400, 234S, 1773E
 16, 1964022406, 241S, 1794E
 16, 1964022412, 247S, 1785W
 16, 1964022418, 250S, 1765W
 16, 1964022500, 250S, 1746W
 17, 1964021918, 112S,  573E
 17, 1964022000, 116S,  569E
 17, 1964022006, 122S,  565E
 17, 1964022012, 130S,  564E
 17, 1964022018, 137S,  562E
 17, 1964022100, 141S,  554E
 17, 1964022106, 143S,  546E
 17, 1964022112, 144S,  540E
 17, 1964022118, 145S,  535E
 17, 1964022200, 148S,  531E
 17, 1964022206, 151S,  526E
 17, 1964022212, 153S,  521E
 17, 1964022218, 155S,  516E
 17, 1964022300, 158S,  513E
 17, 1964022306, 162S,  510E
 17, 1964022312, 167S,  505E
 17, 1964022318, 172S,  500E
 17, 1964022400, 176S,  495E
 17, 1964022406, 180S,  490E
 18, 1964022218,  90S,  730E
 18, 1964022300,  95S,  716E
 18, 1964022306, 101S,  703E
 18, 1964022312, 106S,  692E
 18, 1964022318, 112S,  680E
 18, 1964022400, 117S,  669E
 18, 1964022406, 122S,  657E
 18, 1964022412, 128S,  644E
 18, 1964022418, 134S,  630E
 18, 1964022500, 141S,  616E
 18, 1964022506, 149S,  602E
 18, 1964022512, 158S,  598E
 18, 1964022518, 167S,  598E
 18, 1964022600, 174S,  589E
 18, 1964022606, 179S,  581E
 18, 1964022612, 184S,  577E
 18, 1964022618, 188S,  573E
 18, 1964022700, 191S,  567E
 18, 1964022706, 193S,  563E
 18, 1964022712, 195S,  562E
 18, 1964022718, 197S,  562E
 18, 1964022800, 199S,  562E
 18, 1964022806, 201S,  560E
 18, 1964022812, 203S,  556E
 18, 1964022818, 206S,  552E
 18, 1964022900, 210S,  548E
 18, 1964022906, 214S,  544E
 18, 1964022912, 217S,  538E
 18, 1964022918, 219S,  531E
 18, 1964030100, 220S,  524E
 18, 1964030106, 222S,  517E
 18, 1964030112, 224S,  508E
 18, 1964030118, 227S,  496E
 18, 1964030200, 230S,  484E
 18, 1964030206, 233S,  471E
 18, 1964030212, 236S,  457E
 18, 1964030218, 240S,  443E
 18, 1964030300, 244S,  429E
 18, 1964030306, 247S,  417E
 18, 1964030312, 250S,  411E
 18, 1964030318, 252S,  406E
 18, 1964030400, 254S,  400E
 18, 1964030406, 257S,  394E
 19, 1964022418,  50S,  998E
 19, 1964022500,  50S,  989E
 19, 1964022506,  53S,  978E
 19, 1964022512,  58S,  965E
 19, 1964022518,  64S,  952E
 19, 1964022600,  70S,  940E
 19, 1964022606,  82S,  928E
 19, 1964022612,  97S,  912E
 19, 1964022618, 112S,  897E
 19, 1964022700, 127S,  884E
 19, 1964022706, 142S,  888E
 19, 1964022712, 157S,  898E
 19, 1964022718, 172S,  908E
 19, 1964022800, 187S,  918E
 19, 1964022806, 201S,  928E
 19, 1964022812, 214S,  938E
 19, 1964022818, 226S,  948E
 19, 1964022900, 238S,  956E
 19, 1964022906, 252S,  963E
 19, 1964022912, 267S,  965E
 19, 1964022918, 282S,  969E
 19, 1964030100, 297S,  976E
 19, 1964030106, 312S,  988E
 19, 1964030112, 324S, 1012E
 20, 1964022418,  50S,  998E
 20, 1964022500,  50S,  989E
 20, 1964022506,  53S,  978E
 20, 1964022512,  58S,  965E
 20, 1964022518,  64S,  952E
 20, 1964022600,  70S,  940E
 20, 1964022606,  82S,  928E
 20, 1964022612,  97S,  912E
 20, 1964022618, 112S,  897E
 20, 1964022700, 127S,  884E
 20, 1964022706, 142S,  888E
 20, 1964022712, 157S,  898E
 20, 1964022718, 172S,  908E
 20, 1964022800, 187S,  918E
 20, 1964022806, 201S,  928E
 20, 1964022812, 214S,  938E
 20, 1964022818, 226S,  948E
 20, 1964022900, 238S,  956E
 20, 1964022906, 252S,  963E
 20, 1964022912, 267S,  965E
 20, 1964022918, 282S,  969E
 20, 1964030100, 297S,  976E
 20, 1964030106, 312S,  988E
 20, 1964030112, 324S, 1012E
 21, 1964022612, 132S, 1521E
 21, 1964022618, 141S, 1519E
 21, 1964022700, 148S, 1515E
 21, 1964022706, 153S, 1509E
 21, 1964022712, 155S, 1502E
 21, 1964022718, 152S, 1501E
 21, 1964022800, 150S, 1510E
 21, 1964022806, 155S, 1530E
 21, 1964022812, 161S, 1550E
 21, 1964022818, 164S, 1570E
 21, 1964022900, 167S, 1585E
 21, 1964022906, 172S, 1593E
 21, 1964022912, 177S, 1599E
 21, 1964022918, 180S, 1606E
 21, 1964030100, 182S, 1612E
 21, 1964030106, 178S, 1617E
 21, 1964030112, 174S, 1621E
 21, 1964030118, 175S, 1626E
 21, 1964030200, 179S, 1631E
 21, 1964030206, 185S, 1632E
 21, 1964030212, 192S, 1630E
 21, 1964030218, 198S, 1628E
 21, 1964030300, 205S, 1626E
 21, 1964030306, 210S, 1619E
 21, 1964030312, 216S, 1612E
 21, 1964030318, 224S, 1612E
 21, 1964030400, 232S, 1612E
 21, 1964030406, 240S, 1611E
 21, 1964030412, 248S, 1610E
 21, 1964030418, 249S, 1602E
 21, 1964030500, 243S, 1593E
 21, 1964030506, 239S, 1589E
 21, 1964030512, 234S, 1588E
 21, 1964030518, 230S, 1589E
 21, 1964030600, 228S, 1597E
 21, 1964030606, 235S, 1611E
 21, 1964030612, 245S, 1625E
 21, 1964030618, 249S, 1639E
 21, 1964030700, 253S, 1652E
 21, 1964030706, 260S, 1663E
 21, 1964030712, 264S, 1671E
 21, 1964030718, 262S, 1668E
 21, 1964030800, 260S, 1663E
 21, 1964030806, 259S, 1673E
 21, 1964030812, 257S, 1682E
 21, 1964030818, 251S, 1679E
 21, 1964030900, 244S, 1675E
 21, 1964030906, 237S, 1674E
 21, 1964030912, 230S, 1675E
 21, 1964030918, 225S, 1680E
 21, 1964031000, 221S, 1689E
 22, 1964030406, 135S,  637E
 22, 1964030412, 141S,  631E
 22, 1964030418, 146S,  623E
 22, 1964030500, 151S,  613E
 22, 1964030506, 156S,  603E
 22, 1964030512, 162S,  592E
 22, 1964030518, 168S,  580E
 22, 1964030600, 173S,  566E
 22, 1964030606, 176S,  552E
 22, 1964030612, 178S,  543E
 22, 1964030618, 177S,  534E
 22, 1964030700, 175S,  524E
 22, 1964030706, 172S,  513E
 22, 1964030712, 168S,  501E
 22, 1964030718, 164S,  488E
 22, 1964030800, 163S,  473E
 22, 1964030806, 164S,  460E
 22, 1964030812, 168S,  454E
 22, 1964030818, 172S,  450E
 22, 1964030900, 173S,  444E
 22, 1964030906, 174S,  438E
 22, 1964030912, 174S,  432E
 22, 1964030918, 174S,  425E
 22, 1964031000, 173S,  418E
 22, 1964031006, 172S,  411E
 22, 1964031012, 174S,  404E
 22, 1964031018, 177S,  398E
 22, 1964031100, 180S,  394E
 22, 1964031106, 186S,  390E
 22, 1964031112, 195S,  386E
 22, 1964031118, 205S,  382E
 22, 1964031200, 215S,  379E
 22, 1964031206, 225S,  377E
 22, 1964031212, 234S,  377E
 22, 1964031218, 240S,  381E
 22, 1964031300, 245S,  388E
 22, 1964031306, 250S,  398E
 22, 1964031312, 255S,  408E
 22, 1964031318, 259S,  420E
 22, 1964031400, 263S,  434E
 22, 1964031406, 267S,  447E
 22, 1964031412, 272S,  458E
 22, 1964031418, 277S,  470E
 22, 1964031500, 283S,  481E
 22, 1964031506, 290S,  493E
 22, 1964031512, 297S,  507E
 22, 1964031518, 305S,  523E
 22, 1964031600, 311S,  536E
 22, 1964031606, 318S,  549E
 22, 1964031612, 329S,  566E
 22, 1964031618, 343S,  584E
 22, 1964031700, 357S,  603E
 22, 1964031706, 372S,  623E
 23, 1964030618, 140S, 1060E
 23, 1964030700, 140S, 1059E
 23, 1964030706, 138S, 1053E
 23, 1964030712, 136S, 1045E
 23, 1964030718, 133S, 1038E
 23, 1964030800, 131S, 1031E
 23, 1964030806, 130S, 1022E
 23, 1964030812, 130S, 1009E
 23, 1964030818, 130S,  997E
 23, 1964030900, 130S,  983E
 23, 1964030906, 130S,  973E
 23, 1964030912, 130S,  965E
 23, 1964030918, 130S,  957E
 23, 1964031000, 130S,  951E
 23, 1964031006, 133S,  947E
 23, 1964031012, 138S,  945E
 23, 1964031018, 144S,  943E
 23, 1964031100, 149S,  940E
 23, 1964031106, 155S,  938E
 23, 1964031112, 163S,  936E
 23, 1964031118, 170S,  933E
 23, 1964031200, 177S,  931E
 23, 1964031206, 182S,  930E
 23, 1964031212, 185S,  930E
 23, 1964031218, 188S,  930E
 23, 1964031300, 190S,  930E
 23, 1964031306, 192S,  928E
 23, 1964031312, 195S,  926E
 23, 1964031318, 198S,  923E
 23, 1964031400, 200S,  921E
 23, 1964031406, 203S,  918E
 23, 1964031412, 209S,  916E
 23, 1964031418, 215S,  913E
 23, 1964031500, 220S,  911E
 23, 1964031506, 228S,  910E
 23, 1964031512, 238S,  910E
 23, 1964031518, 248S,  910E
 23, 1964031600, 258S,  912E
 23, 1964031606, 268S,  917E
 23, 1964031612, 278S,  926E
 24, 1964030618, 140S, 1060E
 24, 1964030700, 140S, 1059E
 24, 1964030706, 138S, 1053E
 24, 1964030712, 136S, 1045E
 24, 1964030718, 133S, 1038E
 24, 1964030800, 131S, 1031E
 24, 1964030806, 130S, 1022E
 24, 1964030812, 130S, 1009E
 24, 1964030818, 130S,  997E
 24, 1964030900, 130S,  983E
 24, 1964030906, 130S,  973E
 24, 1964030912, 130S,  965E
 24, 1964030918, 130S,  957E
 24, 1964031000, 130S,  951E
 24, 1964031006, 133S,  947E
 24, 1964031012, 138S,  945E
 24, 1964031018, 144S,  943E
 24, 1964031100, 149S,  940E
 24, 1964031106, 155S,  938E
 24, 1964031112, 163S,  936E
 24, 1964031118, 170S,  933E
 24, 1964031200, 177S,  931E
 24, 1964031206, 182S,  930E
 24, 1964031212, 185S,  930E
 24, 1964031218, 188S,  930E
 24, 1964031300, 190S,  930E
 24, 1964031306, 192S,  928E
 24, 1964031312, 195S,  926E
 24, 1964031318, 198S,  923E
 24, 1964031400, 200S,  921E
 24, 1964031406, 203S,  918E
 24, 1964031412, 209S,  916E
 24, 1964031418, 215S,  913E
 24, 1964031500, 220S,  911E
 24, 1964031506, 228S,  910E
 24, 1964031512, 238S,  910E
 24, 1964031518, 248S,  910E
 24, 1964031600, 258S,  912E
 24, 1964031606, 268S,  917E
 24, 1964031612, 278S,  926E
 25, 1964030700, 103S, 1369E
 25, 1964030706, 101S, 1360E
 25, 1964030712,  99S, 1353E
 25, 1964030718,  97S, 1346E
 25, 1964030800,  97S, 1339E
 25, 1964030806, 101S, 1329E
 25, 1964030812, 107S, 1320E
 25, 1964030818, 113S, 1313E
 25, 1964030900, 119S, 1308E
 25, 1964030906, 121S, 1304E
 25, 1964030912, 124S, 1301E
 25, 1964030918, 130S, 1298E
 25, 1964031000, 135S, 1298E
 25, 1964031006, 139S, 1299E
 25, 1964031012, 143S, 1299E
 25, 1964031018, 146S, 1300E
 26, 1964031300, 173S, 1540E
 26, 1964031306, 187S, 1552E
 26, 1964031312, 190S, 1565E
 26, 1964031318, 182S, 1583E
 26, 1964031400, 174S, 1600E
 26, 1964031406, 167S, 1599E
 26, 1964031412, 160S, 1594E
 26, 1964031418, 163S, 1600E
 26, 1964031500, 178S, 1612E
 27, 1964031400, 153S, 1492E
 27, 1964031406, 162S, 1490E
 27, 1964031412, 165S, 1487E
 27, 1964031418, 156S, 1485E
 27, 1964031500, 151S, 1482E
 27, 1964031506, 160S, 1491E
 27, 1964031512, 172S, 1503E
 27, 1964031518, 188S, 1506E
 27, 1964031600, 199S, 1510E
 27, 1964031606, 200S, 1514E
 27, 1964031612, 200S, 1518E
 27, 1964031618, 201S, 1522E
 27, 1964031700, 202S, 1527E
 27, 1964031706, 204S, 1536E
 27, 1964031712, 206S, 1547E
 27, 1964031718, 207S, 1554E
 27, 1964031800, 205S, 1560E
 27, 1964031806, 201S, 1566E
 27, 1964031812, 195S, 1570E
 27, 1964031818, 188S, 1570E
 27, 1964031900, 182S, 1567E
 27, 1964031906, 181S, 1562E
 27, 1964031912, 181S, 1560E
 27, 1964031918, 176S, 1566E
 27, 1964032000, 170S, 1575E
 27, 1964032006, 165S, 1584E
 27, 1964032012, 162S, 1593E
 27, 1964032018, 163S, 1602E
 27, 1964032100, 164S, 1612E
 27, 1964032106, 165S, 1625E
 27, 1964032112, 166S, 1638E
 27, 1964032118, 167S, 1650E
 27, 1964032200, 167S, 1662E
 27, 1964032206, 167S, 1673E
 27, 1964032212, 166S, 1685E
 27, 1964032218, 167S, 1697E
 27, 1964032300, 169S, 1710E
 28, 1964032500, 126S, 1288E
 28, 1964032506, 126S, 1279E
 28, 1964032512, 126S, 1272E
 28, 1964032518, 126S, 1266E
 28, 1964032600, 126S, 1258E
 28, 1964032606, 129S, 1239E
 28, 1964032612, 134S, 1219E
 28, 1964032618, 142S, 1201E
 28, 1964032700, 148S, 1189E
 28, 1964032706, 150S, 1182E
 28, 1964032712, 154S, 1175E
 28, 1964032718, 158S, 1166E
 28, 1964032800, 162S, 1159E
 28, 1964032806, 164S, 1153E
 28, 1964032812, 168S, 1148E
 28, 1964032818, 173S, 1142E
 28, 1964032900, 177S, 1140E
 28, 1964032906, 179S, 1139E
 28, 1964032912, 181S, 1139E
 28, 1964032918, 182S, 1138E
 28, 1964033000, 185S, 1138E
 28, 1964033006, 196S, 1139E
 28, 1964033012, 208S, 1139E
 28, 1964033018, 218S, 1137E
 28, 1964033100, 228S, 1134E
 28, 1964033106, 236S, 1130E
 28, 1964033112, 246S, 1126E
 28, 1964033118, 257S, 1122E
 28, 1964040100, 269S, 1121E
 28, 1964040106, 278S, 1126E
 28, 1964040112, 286S, 1134E
 28, 1964040118, 292S, 1142E
 28, 1964040200, 299S, 1151E
 28, 1964040206, 309S, 1162E
 28, 1964040212, 319S, 1176E
 28, 1964040218, 329S, 1193E
 29, 1964032812, 122S, 1782E
 29, 1964032818, 116S, 1777E
 29, 1964032900, 112S, 1769E
 29, 1964032906, 111S, 1758E
 29, 1964032912, 112S, 1746E
 29, 1964032918, 115S, 1733E
 29, 1964033000, 120S, 1720E
 29, 1964033006, 127S, 1707E
 29, 1964033012, 135S, 1695E
 29, 1964033018, 143S, 1683E
 29, 1964033100, 151S, 1671E
 29, 1964033106, 156S, 1662E
 29, 1964033112, 160S, 1653E
 29, 1964033118, 163S, 1644E
 29, 1964040100, 166S, 1634E
 29, 1964040106, 171S, 1623E
 29, 1964040112, 177S, 1613E
 29, 1964040118, 184S, 1606E
 29, 1964040200, 191S, 1600E
 29, 1964040206, 197S, 1595E
 29, 1964040212, 202S, 1591E
 29, 1964040218, 208S, 1589E
 29, 1964040300, 215S, 1590E
 29, 1964040306, 224S, 1593E
 29, 1964040312, 234S, 1596E
 29, 1964040318, 239S, 1599E
 29, 1964040400, 244S, 1606E
 29, 1964040406, 252S, 1620E
 29, 1964040412, 260S, 1635E
 29, 1964040418, 265S, 1648E
 29, 1964040500, 270S, 1660E
 29, 1964040506, 274S, 1667E
 29, 1964040512, 278S, 1670E
 29, 1964040518, 281S, 1672E
 29, 1964040600, 285S, 1673E
 29, 1964040606, 290S, 1674E
 29, 1964040612, 295S, 1675E
 29, 1964040618, 300S, 1675E
 29, 1964040700, 306S, 1675E
 29, 1964040706, 311S, 1675E
 29, 1964040712, 317S, 1676E
 29, 1964040718, 322S, 1675E
 29, 1964040800, 327S, 1678E
 29, 1964040806, 333S, 1690E
 29, 1964040812, 338S, 1706E
 29, 1964040818, 339S, 1719E
 29, 1964040900, 340S, 1733E
 29, 1964040906, 345S, 1746E
 29, 1964040912, 350S, 1760E
 29, 1964040918, 354S, 1770E
 29, 1964041000, 357S, 1777E
 30, 1964033006, 127S,  697E
 30, 1964033012, 135S,  698E
 30, 1964033018, 142S,  700E
 30, 1964033100, 149S,  701E
 30, 1964033106, 156S,  703E
 30, 1964033112, 164S,  701E
 30, 1964033118, 175S,  698E
 30, 1964040100, 187S,  699E
 30, 1964040106, 200S,  700E
 30, 1964040112, 212S,  702E
 30, 1964040118, 225S,  704E
 30, 1964040200, 239S,  706E
 30, 1964040206, 255S,  709E
 30, 1964040212, 275S,  714E
 30, 1964040218, 295S,  719E
 30, 1964040300, 313S,  724E
 30, 1964040306, 331S,  729E
 31, 1964040200, 132S,  822E
 31, 1964040206, 125S,  819E
 31, 1964040212, 118S,  817E
 31, 1964040218, 110S,  815E
 31, 1964040300, 102S,  813E
 31, 1964040306, 102S,  806E
 31, 1964040312, 107S,  795E
 31, 1964040318, 114S,  785E
 31, 1964040400, 119S,  774E
 31, 1964040406, 120S,  763E
 31, 1964040412, 120S,  752E
 31, 1964040418, 118S,  736E
 31, 1964040500, 118S,  722E
 31, 1964040506, 125S,  717E
 31, 1964040512, 135S,  712E
 31, 1964040518, 145S,  707E
 31, 1964040600, 156S,  703E
 32, 1964041800, 203S, 1609E
 32, 1964041806, 216S, 1616E
 32, 1964041812, 225S, 1626E
 32, 1964041818, 231S, 1638E
 32, 1964041900, 233S, 1654E
 32, 1964041906, 232S, 1672E
 32, 1964041912, 228S, 1690E
 32, 1964041918, 220S, 1708E
 32, 1964042000, 213S, 1726E
 32, 1964042006, 212S, 1747E
 32, 1964042012, 215S, 1771E
 33, 1964042012, 220S, 1770W
 33, 1964042018, 229S, 1748W
 33, 1964042100, 239S, 1726W
 34, 1964042906, 134S,  612E
 34, 1964042912, 138S,  617E
 34, 1964042918, 142S,  622E
 34, 1964043000, 145S,  627E
 34, 1964043006, 148S,  634E
 34, 1964043012, 150S,  643E
 34, 1964043018, 150S,  653E
 34, 1964050100, 150S,  662E
 34, 1964050106, 150S,  670E
 34, 1964050112, 150S,  677E
 34, 1964050118, 150S,  682E
 34, 1964050200, 151S,  686E
 34, 1964050206, 153S,  689E
 34, 1964050212, 154S,  691E
 34, 1964050218, 155S,  692E
 34, 1964050300, 156S,  693E
 34, 1964050306, 158S,  694E
 35, 1964050218, 107S,  888E
 35, 1964050300, 107S,  841E
 35, 1964050306, 108S,  809E
 35, 1964050312, 109S,  790E
 35, 1964050318, 110S,  772E
 35, 1964050400, 113S,  754E
 35, 1964050406, 117S,  739E
 35, 1964050412, 120S,  730E
 35, 1964050418, 123S,  724E
 35, 1964050500, 127S,  718E
 35, 1964050506, 130S,  712E
 35, 1964050512, 132S,  706E
 35, 1964050518, 135S,  701E
 35, 1964050600, 138S,  694E
 35, 1964050606, 140S,  689E
 35, 1964050612, 140S,  686E
 35, 1964050618, 140S,  682E
 35, 1964050700, 140S,  679E
 35, 1964050706, 140S,  675E
 35, 1964050712, 140S,  670E
 35, 1964050718, 142S,  666E
 35, 1964050800, 144S,  664E
 35, 1964050806, 147S,  664E
 35, 1964050812, 150S,  664E
 35, 1964050818, 153S,  665E
 35, 1964050900, 155S,  667E
 35, 1964050906, 157S,  671E
 35, 1964050912, 159S,  676E
 35, 1964050918, 162S,  682E
 35, 1964051000, 164S,  686E
 35, 1964051006, 167S,  689E
